StartDate,EndDate,Status,IPAddress,Progress,Duration (in seconds),Finished,RecordedDate,ResponseId,RecipientLastName,RecipientFirstName,RecipientEmail,ExternalReference,LocationLatitude,LocationLongitude,DistributionChannel,UserLanguage,background,Q4,Q5,Q6,Q7,Q8,Q9,Q10,Q11,Q12,Q13,Q14,Q15,Q16,Q17,Q18,Q19,Q20,Q21,Q22,Q23,Q24,Q25,Q26,Q27,Q28,Q29,Q30,Q31,Q32,Q33,Q97,Q34,Q35,Q36,Q37,Q38,Q39,Q40,Q41,Q42,Q43,Q44,Q45,Q46,Q47,Q48,Q49,Q50,Q51,Q52,Q53,Q54,Q55,Q56,Q57,Q58,Q59,Q60,Q61,Q62,Q63,Q64,Q65,Q66,Q67,Q68,Q69,Q70,Q71,Q72,Q73,Q74,Q75,Q76,Q77,Q78,Q79,Q80,Q81,Q82,Q83,Q84,Q85,Q86,Q87,Q88,Q89,Q90,Q91,Q92,Q95,Q93,Q96,Random ID
Start Date,End Date,Response Type,IP Address,Progress,Duration (in seconds),Finished,Recorded Date,Response ID,Recipient Last Name,Recipient First Name,Recipient Email,External Data Reference,Location Latitude,Location Longitude,Distribution Channel,User Language,Do you have a background in Computer Vision or are you familiar with Object Detection? Please continue irrespective of your answer. This is just for analyzing the data.,"Which green bounding box(es) do you think best identifies(y) the book (object) shown in the images below? 
Inspect the images below. Then, click on all the images (green bounding boxes) that you think best identify the object. If you prefer neither box, please choose the one that is closest to your preference.","Which green bounding box(es) do you think best identifies(y) the laptop (object) shown in the images below? 
Inspect the images below. Then, click on all the images (green bounding boxes) that you think best identify the object. If you prefer neither box, please choose the one that is closest to your preference.","Which green bounding box(es) do you think best identifies(y) the dining table (object) shown in the images below? 
Inspect the images below. Then, click on all the images (green bounding boxes) that you think best identify the object. If you prefer neither box, please choose the one that is closest to your preference.","Which green bounding box(es) do you think best identifies(y) the cow (object) shown in the images below? 
Inspect the images below. Then, click on all the images (green bounding boxes) that you think best identify the object. If you prefer neither box, please choose the one that is closest to your preference.","Which green bounding box(es) do you think best identifies(y) the broccoli (object) shown in the images below? 
Inspect the images below. Then, click on all the images (green bounding boxes) that you think best identify the object. If you prefer neither box, please choose the one that is closest to your preference.","Which green bounding box(es) do you think best identifies(y) the car (object) shown in the images below? 
Inspect the images below. Then, click on all the images (green bounding boxes) that you think best identify the object. If you prefer neither box, please choose the one that is closest to your preference.","Which green bounding box(es) do you think best identifies(y) the person (object) shown in the images below? 
Inspect the images below. Then, click on all the images (green bounding boxes) that you think best identify the object. If you prefer neither box, please choose the one that is closest to your preference.","Which green bounding box(es) do you think best identifies(y) the fork (object) shown in the images below? 
Inspect the images below. Then, click on all the images (green bounding boxes) that you think best identify the object. If you prefer neither box, please choose the one that is closest to your preference.","Which green bounding box(es) do you think best identifies(y) the car (object) shown in the images below? 
Inspect the images below. Then, click on all the images (green bounding boxes) that you think best identify the object. If you prefer neither box, please choose the one that is closest to your preference.","Which green bounding box(es) do you think best identifies(y) the truck (object) shown in the images below? 
Inspect the images below. Then, click on all the images (green bounding boxes) that you think best identify the object. If you prefer neither box, please choose the one that is closest to your preference.","Which green bounding box(es) do you think best identifies(y) the zebra (object) shown in the images below? 
Inspect the images below. Then, click on all the images (green bounding boxes) that you think best identify the object. If you prefer neither box, please choose the one that is closest to your preference.","Which green bounding box(es) do you think best identifies(y) the car (object) shown in the images below? 
Inspect the images below. Then, click on all the images (green bounding boxes) that you think best identify the object. If you prefer neither box, please choose the one that is closest to your preference.","Which green bounding box(es) do you think best identifies(y) the cat (object) shown in the images below? 
Inspect the images below. Then, click on all the images (green bounding boxes) that you think best identify the object. If you prefer neither box, please choose the one that is closest to your preference.","Which green bounding box(es) do you think best identifies(y) the dog (object) shown in the images below? 
Inspect the images below. Then, click on all the images (green bounding boxes) that you think best identify the object. If you prefer neither box, please choose the one that is closest to your preference.","Which green bounding box(es) do you think best identifies(y) the cat (object) shown in the images below? 
Inspect the images below. Then, click on all the images (green bounding boxes) that you think best identify the object. If you prefer neither box, please choose the one that is closest to your preference.","Which green bounding box(es) do you think best identifies(y) the teddy bear (object) shown in the images below? 
Inspect the images below. Then, click on all the images (green bounding boxes) that you think best identify the object. If you prefer neither box, please choose the one that is closest to your preference.","Which green bounding box(es) do you think best identifies(y) the bottle (object) shown in the images below? 
Inspect the images below. Then, click on all the images (green bounding boxes) that you think best identify the object. If you prefer neither box, please choose the one that is closest to your preference.","Which green bounding box(es) do you think best identifies(y) the orange (object) shown in the images below? 
Inspect the images below. Then, click on all the images (green bounding boxes) that you think best identify the object. If you prefer neither box, please choose the one that is closest to your preference.","Which green bounding box(es) do you think best identifies(y) the person (object) shown in the images below? 
Inspect the images below. Then, click on all the images (green bounding boxes) that you think best identify the object. If you prefer neither box, please choose the one that is closest to your preference.","Which green bounding box(es) do you think best identifies(y) the person (object) shown in the images below? 
Inspect the images below. Then, click on all the images (green bounding boxes) that you think best identify the object. If you prefer neither box, please choose the one that is closest to your preference.","Which green bounding box(es) do you think best identifies(y) the person (object) shown in the images below? 
Inspect the images below. Then, click on all the images (green bounding boxes) that you think best identify the object. If you prefer neither box, please choose the one that is closest to your preference.","Which green bounding box(es) do you think best identifies(y) the bottle (object) shown in the images below? 
Inspect the images below. Then, click on all the images (green bounding boxes) that you think best identify the object. If you prefer neither box, please choose the one that is closest to your preference.","Which green bounding box(es) do you think best identifies(y) the sink (object) shown in the images below? 
Inspect the images below. Then, click on all the images (green bounding boxes) that you think best identify the object. If you prefer neither box, please choose the one that is closest to your preference.","Which green bounding box(es) do you think best identifies(y) the bird (object) shown in the images below? 
Inspect the images below. Then, click on all the images (green bounding boxes) that you think best identify the object. If you prefer neither box, please choose the one that is closest to your preference.","Which green bounding box(es) do you think best identifies(y) the elephant (object) shown in the images below? 
Inspect the images below. Then, click on all the images (green bounding boxes) that you think best identify the object. If you prefer neither box, please choose the one that is closest to your preference.","Which green bounding box(es) do you think best identifies(y) the elephant (object) shown in the images below? 
Inspect the images below. Then, click on all the images (green bounding boxes) that you think best identify the object. If you prefer neither box, please choose the one that is closest to your preference.","Which green bounding box(es) do you think best identifies(y) the giraffe (object) shown in the images below? 
Inspect the images below. Then, click on all the images (green bounding boxes) that you think best identify the object. If you prefer neither box, please choose the one that is closest to your preference.","Which green bounding box(es) do you think best identifies(y) the giraffe (object) shown in the images below? 
Inspect the images below. Then, click on all the images (green bounding boxes) that you think best identify the object. If you prefer neither box, please choose the one that is closest to your preference.","Which green bounding box(es) do you think best identifies(y) the giraffe (object) shown in the images below? 
Inspect the images below. Then, click on all the images (green bounding boxes) that you think best identify the object. If you prefer neither box, please choose the one that is closest to your preference.","Which green bounding box(es) do you think best identifies(y) the dining skis (object) shown in the images below? 
Inspect the images below. Then, click on all the images (green bounding boxes) that you think best identify the object. If you prefer neither box, please choose the one that is closest to your preference.",Attention check: Choose the smallest green bounding box from the images below.,"Which green bounding box(es) do you think best identifies(y) the person (object) shown in the images below? 
Inspect the images below. Then, click on all the images (green bounding boxes) that you think best identify the object. If you prefer neither box, please choose the one that is closest to your preference.","Which green bounding box(es) do you think best identifies(y) the surfboard (object) shown in the images below? 
Inspect the images below. Then, click on all the images (green bounding boxes) that you think best identify the object. If you prefer neither box, please choose the one that is closest to your preference.","Which green bounding box(es) do you think best identifies(y) the elephant (object) shown in the images below? 
Inspect the images below. Then, click on all the images (green bounding boxes) that you think best identify the object. If you prefer neither box, please choose the one that is closest to your preference.","Which green bounding box(es) do you think best identifies(y) the person (object) shown in the images below? 
Inspect the images below. Then, click on all the images (green bounding boxes) that you think best identify the object. If you prefer neither box, please choose the one that is closest to your preference.","Which green bounding box(es) do you think best identifies(y) the laptop (object) shown in the images below? 
Inspect the images below. Then, click on all the images (green bounding boxes) that you think best identify the object. If you prefer neither box, please choose the one that is closest to your preference.","Which green bounding box(es) do you think best identifies(y) the bottle (object) shown in the images below? 
Inspect the images below. Then, click on all the images (green bounding boxes) that you think best identify the object. If you prefer neither box, please choose the one that is closest to your preference.","Which green bounding box(es) do you think best identifies(y) the clock (object) shown in the images below? 
Inspect the images below. Then, click on all the images (green bounding boxes) that you think best identify the object. If you prefer neither box, please choose the one that is closest to your preference.","Which green bounding box(es) do you think best identifies(y) the person (object) shown in the images below? 
Inspect the images below. Then, click on all the images (green bounding boxes) that you think best identify the object. If you prefer neither box, please choose the one that is closest to your preference.","Which green bounding box(es) do you think best identifies(y) the person (object) shown in the images below? 
Inspect the images below. Then, click on all the images (green bounding boxes) that you think best identify the object. If you prefer neither box, please choose the one that is closest to your preference.","Which green bounding box(es) do you think best identifies(y) the person (object) shown in the images below? 
Inspect the images below. Then, click on all the images (green bounding boxes) that you think best identify the object. If you prefer neither box, please choose the one that is closest to your preference.","Which green bounding box(es) do you think best identifies(y) the person (object) shown in the images below? 
Inspect the images below. Then, click on all the images (green bounding boxes) that you think best identify the object. If you prefer neither box, please choose the one that is closest to your preference.","Which green bounding box(es) do you think best identifies(y) the traffic light (object) shown in the images below? 
Inspect the images below. Then, click on all the images (green bounding boxes) that you think best identify the object. If you prefer neither box, please choose the one that is closest to your preference.","Which green bounding box(es) do you think best identifies(y) the chair (object) shown in the images below? 
Inspect the images below. Then, click on all the images (green bounding boxes) that you think best identify the object. If you prefer neither box, please choose the one that is closest to your preference.","Which green bounding box(es) do you think best identifies(y) the tv (object) shown in the images below? 
Inspect the images below. Then, click on all the images (green bounding boxes) that you think best identify the object. If you prefer neither box, please choose the one that is closest to your preference.","Which green bounding box(es) do you think best identifies(y) the person (object) shown in the images below? 
Inspect the images below. Then, click on all the images (green bounding boxes) that you think best identify the object. If you prefer neither box, please choose the one that is closest to your preference.","Which green bounding box(es) do you think best identifies(y) the toilet (object) shown in the images below? 
Inspect the images below. Then, click on all the images (green bounding boxes) that you think best identify the object. If you prefer neither box, please choose the one that is closest to your preference.","Which green bounding box(es) do you think best identifies(y) the banana (object) shown in the images below? 
Inspect the images below. Then, click on all the images (green bounding boxes) that you think best identify the object. If you prefer neither box, please choose the one that is closest to your preference.","Which green bounding box(es) do you think best identifies(y) the banana (object) shown in the images below? 
Inspect the images below. Then, click on all the images (green bounding boxes) that you think best identify the object. If you prefer neither box, please choose the one that is closest to your preference.","Which green bounding box(es) do you think best identifies(y) the bowl (object) shown in the images below? 
Inspect the images below. Then, click on all the images (green bounding boxes) that you think best identify the object. If you prefer neither box, please choose the one that is closest to your preference.","Which green bounding box(es) do you think best identifies(y) the wine glass (object) shown in the images below? 
Inspect the images below. Then, click on all the images (green bounding boxes) that you think best identify the object. If you prefer neither box, please choose the one that is closest to your preference.","Which green bounding box(es) do you think best identifies(y) the wine glass (object) shown in the images below? 
Inspect the images below. Then, click on all the images (green bounding boxes) that you think best identify the object. If you prefer neither box, please choose the one that is closest to your preference.","Which green bounding box(es) do you think best identifies(y) the clock (object) shown in the images below? 
Inspect the images below. Then, click on all the images (green bounding boxes) that you think best identify the object. If you prefer neither box, please choose the one that is closest to your preference.","Which green bounding box(es) do you think best identifies(y) the carrot (object) shown in the images below? 
Inspect the images below. Then, click on all the images (green bounding boxes) that you think best identify the object. If you prefer neither box, please choose the one that is closest to your preference.","Which green bounding box(es) do you think best identifies(y) the carrot (object) shown in the images below? 
Inspect the images below. Then, click on all the images (green bounding boxes) that you think best identify the object. If you prefer neither box, please choose the one that is closest to your preference.","Which green bounding box(es) do you think best identifies(y) the chair (object) shown in the images below? 
Inspect the images below. Then, click on all the images (green bounding boxes) that you think best identify the object. If you prefer neither box, please choose the one that is closest to your preference.","Which green bounding box(es) do you think best identifies(y) the bench (object) shown in the images below? 
Inspect the images below. Then, click on all the images (green bounding boxes) that you think best identify the object. If you prefer neither box, please choose the one that is closest to your preference.","Which green bounding box(es) do you think best identifies(y) the chair (object) shown in the images below? 
Inspect the images below. Then, click on all the images (green bounding boxes) that you think best identify the object. If you prefer neither box, please choose the one that is closest to your preference.","Which green bounding box(es) do you think best identifies(y) the laptop (object) shown in the images below? 
Inspect the images below. Then, click on all the images (green bounding boxes) that you think best identify the object. If you prefer neither box, please choose the one that is closest to your preference.","Which green bounding box(es) do you think best identifies(y) the person (object) shown in the images below? 
Inspect the images below. Then, click on all the images (green bounding boxes) that you think best identify the object. If you prefer neither box, please choose the one that is closest to your preference.","Which green bounding box(es) do you think best identifies(y) the person (object) shown in the images below? 
Inspect the images below. Then, click on all the images (green bounding boxes) that you think best identify the object. If you prefer neither box, please choose the one that is closest to your preference.","Which green bounding box(es) do you think best identifies(y) the person (object) shown in the images below? 
Inspect the images below. Then, click on all the images (green bounding boxes) that you think best identify the object. If you prefer neither box, please choose the one that is closest to your preference.","Which green bounding box(es) do you think best identifies(y) the tie (object) shown in the images below? 
Inspect the images below. Then, click on all the images (green bounding boxes) that you think best identify the object. If you prefer neither box, please choose the one that is closest to your preference.","Which green bounding box(es) do you think best identifies(y) the tie (object) shown in the images below? 
Inspect the images below. Then, click on all the images (green bounding boxes) that you think best identify the object. If you prefer neither box, please choose the one that is closest to your preference.","Which green bounding box(es) do you think best identifies(y) the remote (object) shown in the images below? 
Inspect the images below. Then, click on all the images (green bounding boxes) that you think best identify the object. If you prefer neither box, please choose the one that is closest to your preference.","Which green bounding box(es) do you think best identifies(y) the car (object) shown in the images below? 
Inspect the images below. Then, click on all the images (green bounding boxes) that you think best identify the object. If you prefer neither box, please choose the one that is closest to your preference.","Which green bounding box(es) do you think best identifies(y) the truck (object) shown in the images below? 
Inspect the images below. Then, click on all the images (green bounding boxes) that you think best identify the object. If you prefer neither box, please choose the one that is closest to your preference.","Which green bounding box(es) do you think best identifies(y) the truck (object) shown in the images below? 
Inspect the images below. Then, click on all the images (green bounding boxes) that you think best identify the object. If you prefer neither box, please choose the one that is closest to your preference.","Which green bounding box(es) do you think best identifies(y) the truck (object) shown in the images below? 
Inspect the images below. Then, click on all the images (green bounding boxes) that you think best identify the object. If you prefer neither box, please choose the one that is closest to your preference.","Which green bounding box(es) do you think best identifies(y) the sink (object) shown in the images below? 
Inspect the images below. Then, click on all the images (green bounding boxes) that you think best identify the object. If you prefer neither box, please choose the one that is closest to your preference.","Which green bounding box(es) do you think best identifies(y) the bus (object) shown in the images below? 
Inspect the images below. Then, click on all the images (green bounding boxes) that you think best identify the object. If you prefer neither box, please choose the one that is closest to your preference.","Which green bounding box(es) do you think best identifies(y) the person (object) shown in the images below? 
Inspect the images below. Then, click on all the images (green bounding boxes) that you think best identify the object. If you prefer neither box, please choose the one that is closest to your preference.","Which green bounding box(es) do you think best identifies(y) the boat (object) shown in the images below? 
Inspect the images below. Then, click on all the images (green bounding boxes) that you think best identify the object. If you prefer neither box, please choose the one that is closest to your preference.","Which green bounding box(es) do you think best identifies(y) the chair (object) shown in the images below? 
Inspect the images below. Then, click on all the images (green bounding boxes) that you think best identify the object. If you prefer neither box, please choose the one that is closest to your preference.","Which green bounding box(es) do you think best identifies(y) the book (object) shown in the images below? 
Inspect the images below. Then, click on all the images (green bounding boxes) that you think best identify the object. If you prefer neither box, please choose the one that is closest to your preference.","Which green bounding box(es) do you think best identifies(y) the book (object) shown in the images below? 
Inspect the images below. Then, click on all the images (green bounding boxes) that you think best identify the object. If you prefer neither box, please choose the one that is closest to your preference.","Which green bounding box(es) do you think best identifies(y) the dining table (object) shown in the images below? 
Inspect the images below. Then, click on all the images (green bounding boxes) that you think best identify the object. If you prefer neither box, please choose the one that is closest to your preference.","Which green bounding box(es) do you think best identifies(y) the person (object) shown in the images below? 
Inspect the images below. Then, click on all the images (green bounding boxes) that you think best identify the object. If you prefer neither box, please choose the one that is closest to your preference.","Which green bounding box(es) do you think best identifies(y) the pizza (object) shown in the images below? 
Inspect the images below. Then, click on all the images (green bounding boxes) that you think best identify the object. If you prefer neither box, please choose the one that is closest to your preference.","Which green bounding box(es) do you think best identifies(y) the cup (object) shown in the images below? 
Inspect the images below. Then, click on all the images (green bounding boxes) that you think best identify the object. If you prefer neither box, please choose the one that is closest to your preference.","Which green bounding box(es) do you think best identifies(y) the person (object) shown in the images below? 
Inspect the images below. Then, click on all the images (green bounding boxes) that you think best identify the object. If you prefer neither box, please choose the one that is closest to your preference.","Which green bounding box(es) do you think best identifies(y) the dining table (object) shown in the images below? 
Inspect the images below. Then, click on all the images (green bounding boxes) that you think best identify the object. If you prefer neither box, please choose the one that is closest to your preference.","Which green bounding box(es) do you think best identifies(y) the skis (object) shown in the images below? 
Inspect the images below. Then, click on all the images (green bounding boxes) that you think best identify the object. If you prefer neither box, please choose the one that is closest to your preference.","Which green bounding box(es) do you think best identifies(y) the person (object) shown in the images below? 
Inspect the images below. Then, click on all the images (green bounding boxes) that you think best identify the object. If you prefer neither box, please choose the one that is closest to your preference.","Which green bounding box(es) do you think best identifies(y) the person (object) shown in the images below? 
Inspect the images below. Then, click on all the images (green bounding boxes) that you think best identify the object. If you prefer neither box, please choose the one that is closest to your preference.","Which green bounding box(es) do you think best identifies(y) the person (object) shown in the images below? 
Inspect the images below. Then, click on all the images (green bounding boxes) that you think best identify the object. If you prefer neither box, please choose the one that is closest to your preference.","Which green bounding box(es) do you think best identifies(y) the potted plant (object) shown in the images below? 
Inspect the images below. Then, click on all the images (green bounding boxes) that you think best identify the object. If you prefer neither box, please choose the one that is closest to your preference.","Which green bounding box(es) do you think best identifies(y) the potted plant (object) shown in the images below? 
Inspect the images below. Then, click on all the images (green bounding boxes) that you think best identify the object. If you prefer neither box, please choose the one that is closest to your preference.","Which green bounding box(es) do you think best identifies(y) the vase (object) shown in the images below? 
Inspect the images below. Then, click on all the images (green bounding boxes) that you think best identify the object. If you prefer neither box, please choose the one that is closest to your preference.","Which green bounding box(es) do you think best identifies(y) the person (object) shown in the images below? 
Inspect the images below. Then, click on all the images (green bounding boxes) that you think best identify the object. If you prefer neither box, please choose the one that is closest to your preference.",Attention check: Choose the largest green bounding box from the images below.,"Which green bounding box(es) do you think best identifies(y) the person (object) shown in the images below? 
Inspect the images below. Then, click on all the images (green bounding boxes) that you think best identify the object. If you prefer neither box, please choose the one that is closest to your preference.",Attention check: Choose the smallest green bounding box from the images below.,Random ID
"{""ImportId"":""startDate"",""timeZone"":""America/Denver""}","{""ImportId"":""endDate"",""timeZone"":""America/Denver""}","{""ImportId"":""status""}","{""ImportId"":""ipAddress""}","{""ImportId"":""progress""}","{""ImportId"":""duration""}","{""ImportId"":""finished""}","{""ImportId"":""recordedDate"",""timeZone"":""America/Denver""}","{""ImportId"":""_recordId""}","{""ImportId"":""recipientLastName""}","{""ImportId"":""recipientFirstName""}","{""ImportId"":""recipientEmail""}","{""ImportId"":""externalDataReference""}","{""ImportId"":""locationLatitude""}","{""ImportId"":""locationLongitude""}","{""ImportId"":""distributionChannel""}","{""ImportId"":""userLanguage""}","{""ImportId"":""QID3""}","{""ImportId"":""QID4""}","{""ImportId"":""QID5""}","{""ImportId"":""QID6""}","{""ImportId"":""QID7""}","{""ImportId"":""QID8""}","{""ImportId"":""QID9""}","{""ImportId"":""QID10""}","{""ImportId"":""QID11""}","{""ImportId"":""QID12""}","{""ImportId"":""QID13""}","{""ImportId"":""QID14""}","{""ImportId"":""QID15""}","{""ImportId"":""QID16""}","{""ImportId"":""QID17""}","{""ImportId"":""QID18""}","{""ImportId"":""QID19""}","{""ImportId"":""QID20""}","{""ImportId"":""QID21""}","{""ImportId"":""QID22""}","{""ImportId"":""QID23""}","{""ImportId"":""QID24""}","{""ImportId"":""QID25""}","{""ImportId"":""QID26""}","{""ImportId"":""QID27""}","{""ImportId"":""QID28""}","{""ImportId"":""QID29""}","{""ImportId"":""QID30""}","{""ImportId"":""QID31""}","{""ImportId"":""QID32""}","{""ImportId"":""QID33""}","{""ImportId"":""QID97""}","{""ImportId"":""QID34""}","{""ImportId"":""QID35""}","{""ImportId"":""QID36""}","{""ImportId"":""QID37""}","{""ImportId"":""QID38""}","{""ImportId"":""QID39""}","{""ImportId"":""QID40""}","{""ImportId"":""QID41""}","{""ImportId"":""QID42""}","{""ImportId"":""QID43""}","{""ImportId"":""QID44""}","{""ImportId"":""QID45""}","{""ImportId"":""QID46""}","{""ImportId"":""QID47""}","{""ImportId"":""QID48""}","{""ImportId"":""QID49""}","{""ImportId"":""QID50""}","{""ImportId"":""QID51""}","{""ImportId"":""QID52""}","{""ImportId"":""QID53""}","{""ImportId"":""QID54""}","{""ImportId"":""QID55""}","{""ImportId"":""QID56""}","{""ImportId"":""QID57""}","{""ImportId"":""QID58""}","{""ImportId"":""QID59""}","{""ImportId"":""QID60""}","{""ImportId"":""QID61""}","{""ImportId"":""QID62""}","{""ImportId"":""QID63""}","{""ImportId"":""QID64""}","{""ImportId"":""QID65""}","{""ImportId"":""QID66""}","{""ImportId"":""QID67""}","{""ImportId"":""QID68""}","{""ImportId"":""QID69""}","{""ImportId"":""QID70""}","{""ImportId"":""QID71""}","{""ImportId"":""QID72""}","{""ImportId"":""QID73""}","{""ImportId"":""QID74""}","{""ImportId"":""QID75""}","{""ImportId"":""QID76""}","{""ImportId"":""QID77""}","{""ImportId"":""QID78""}","{""ImportId"":""QID79""}","{""ImportId"":""QID80""}","{""ImportId"":""QID81""}","{""ImportId"":""QID82""}","{""ImportId"":""QID83""}","{""ImportId"":""QID84""}","{""ImportId"":""QID85""}","{""ImportId"":""QID86""}","{""ImportId"":""QID87""}","{""ImportId"":""QID88""}","{""ImportId"":""QID89""}","{""ImportId"":""QID90""}","{""ImportId"":""QID91""}","{""ImportId"":""QID92""}","{""ImportId"":""QID95""}","{""ImportId"":""QID93""}","{""ImportId"":""QID96""}","{""ImportId"":""Random ID""}"
2021-11-15 06:33:58,2021-11-15 06:45:55,IP Address,208.195.24.173,100,716,True,2021-11-15 06:45:55,R_2ZOHDk55hefP7Mi,,,,,37.751007080078125,-97.82199859619140625,anonymous,EN,Yes,5,5,"1,5",5,2,1,1,2,3,3,5,2,4,1,5,3,5,"3,5",1,3,4,"4,5",1,4,1,2,2,1,2,2,4,5,2,1,3,2,2,4,2,5,5,4,2,5,1,5,4,4,5,5,3,5,4,2,3,2,2,4,4,2,1,2,3,"2,4",2,4,5,1,4,4,2,2,2,4,3,5,5,2,2,4,2,"2,4",2,5,4,1,5,2,5,5,3,5,4,37200
2021-11-15 06:28:53,2021-11-15 06:49:06,IP Address,24.240.71.71,100,1212,True,2021-11-15 06:49:06,R_3s5kejXXtsI2VrI,,,,,44.04840087890625,-92.4947967529296875,anonymous,EN,No,4,5,3,2,1,5,"2,5",1,"1,5",1,"1,5",5,5,3,5,3,2,5,3,3,3,5,1,5,5,5,3,3,1,5,3,5,1,5,3,1,1,1,5,1,5,"1,2,5",3,5,5,5,5,5,2,5,5,5,1,"1,3",5,5,5,2,5,"1,5",3,3,1,3,3,1,1,1,"2,5","1,3",1,3,3,3,5,"1,3","2,5",5,5,1,5,3,2,3,"2,4",1,5,1,3,5,5,5,1,54262
2021-11-15 06:27:50,2021-11-15 06:49:06,IP Address,45.41.227.12,100,1276,True,2021-11-15 06:49:07,R_3dVNemg6PiYf3T0,,,,,44.0644989013671875,-123.1461029052734375,anonymous,EN,Yes,4,4,4,2,2,1,4,5,5,2,4,2,4,4,4,2,4,4,4,4,4,3,5,2,4,3,5,5,2,2,4,4,4,2,5,4,2,2,3,2,2,1,1,4,5,3,4,1,4,3,4,2,,4,5,4,5,2,1,2,2,5,4,5,3,2,1,5,2,2,5,3,1,1,4,1,1,2,4,3,5,4,2,3,4,1,1,1,2,4,4,5,5,30102
2021-11-15 06:28:21,2021-11-15 06:50:17,IP Address,194.49.79.194,100,1315,True,2021-11-15 06:50:18,R_2tfA6RECztCOeNV,,,,,39.01800537109375,-77.53900146484375,anonymous,EN,Yes,1,1,5,5,3,5,1,4,3,4,2,1,5,5,3,2,4,4,5,2,3,2,1,2,3,1,4,3,3,2,4,5,4,1,4,4,4,3,4,5,2,4,2,2,3,4,4,5,1,2,2,1,1,3,4,4,5,1,5,2,2,1,1,4,4,2,4,5,2,1,3,4,4,,2,4,5,3,5,5,2,4,1,2,3,5,4,1,3,1,3,5,4,45786
2021-11-15 06:32:27,2021-11-15 06:51:21,IP Address,172.82.128.209,100,1133,True,2021-11-15 06:51:21,R_vr8Ztx8Ca891qJr,,,,,37.751007080078125,-97.82199859619140625,anonymous,EN,Yes,4,2,5,1,1,5,2,3,2,3,5,4,3,1,3,3,2,3,2,4,4,1,4,3,3,1,1,1,1,1,3,4,5,5,3,1,5,2,5,4,4,3,4,4,5,3,3,3,1,4,1,"2,3",3,"1,3",2,5,1,3,2,2,1,3,2,5,"2,5",3,3,1,2,1,3,1,4,4,4,5,1,5,1,4,5,3,5,3,5,3,2,1,2,2,2,1,4,30325
2021-11-15 06:29:18,2021-11-15 06:53:53,IP Address,45.87.62.117,100,1474,True,2021-11-15 06:53:53,R_6g5h3OQK4ZUGpLr,,,,,32.8137054443359375,-96.87039947509765625,anonymous,EN,Yes,5,1,3,1,3,4,1,3,2,"1,3",3,3,"1,3",1,3,3,1,3,3,3,1,3,2,3,2,2,5,5,1,5,4,1,4,1,2,3,1,4,3,4,5,3,3,3,"2,4",3,"2,3",4,"2,5",3,3,4,5,1,1,2,2,3,3,3,1,3,1,1,4,2,"2,4",1,5,2,5,5,2,3,3,5,3,5,1,2,3,3,,3,3,3,2,4,3,4,3,3,4,52733
2021-11-15 06:28:23,2021-11-15 06:54:07,IP Address,50.231.89.199,100,1544,True,2021-11-15 06:54:08,R_2PbaDPUhl8qomhF,,,,,29.9761962890625,-95.64009857177734375,anonymous,EN,Yes,3,"1,5","1,3",5,"1,4",5,"4,5",5,"1,3",5,5,"1,5",5,2,"1,5",3,3,2,3,"3,5","1,5",3,3,"1,3",5,4,1,"1,5",1,3,4,5,2,5,5,2,3,1,5,3,5,3,3,"1,2",5,1,"1,5",1,5,3,"2,5",5,"1,3",1,1,"1,2",5,5,"2,3,5","2,5",1,1,2,5,1,5,3,1,"3,5",3,1,1,"1,4",1,4,1,2,5,5,3,"1,5",3,4,3,5,4,2,"2,4",5,5,1,"1,3","2,3",64549
2021-11-15 06:47:56,2021-11-15 06:59:35,IP Address,154.22.58.38,100,698,True,2021-11-15 06:59:35,R_3KQ2oDq9Lo0NQCV,,,,,37.751007080078125,-97.82199859619140625,anonymous,EN,Yes,4,5,1,2,1,3,5,5,3,1,5,3,5,4,5,4,4,4,5,1,2,2,1,5,5,1,1,1,4,"2,4",1,5,1,5,5,1,4,3,3,4,5,1,3,2,5,1,5,5,3,5,5,3,4,5,5,4,1,5,2,3,2,4,"2,5",4,3,2,3,4,5,1,3,5,4,1,1,5,3,"1,2",3,3,5,3,4,2,2,3,5,3,2,3,1,4,1,92911
2021-11-15 06:44:01,2021-11-15 07:01:08,IP Address,76.86.236.35,100,1026,True,2021-11-15 07:01:08,R_1mOtHrhy0by6bf2,,,,,34.12109375,-117.4362030029296875,anonymous,EN,No,1,1,1,5,2,"1,2",2,"1,5","1,3",3,5,5,1,5,5,3,4,5,3,"1,5",5,"1,5",3,5,5,2,3,1,5,4,4,5,3,5,1,5,3,1,1,1,5,5,1,5,5,5,1,"1,5",5,5,5,5,1,"1,3",1,"1,3",5,1,2,5,3,3,"1,2",3,3,4,3,3,2,3,1,1,"1,3",3,3,3,"2,5",5,"1,5",3,"1,5",3,4,1,5,2,2,1,4,5,3,5,4,84338
2021-11-15 06:27:40,2021-11-15 07:01:44,IP Address,107.197.81.227,100,2043,True,2021-11-15 07:01:44,R_1OqSnw67xTmsU3b,,,,,33.914093017578125,-84.82740020751953125,anonymous,EN,Yes,3,"3,5",1,"2,3","1,3","3,4","1,5","1,5","1,2","4,5","2,4","4,5","2,4",4,2,4,"1,5","3,5",3,1,"2,4","2,4",4,"1,2",3,"2,3","1,4",4,"2,3","4,5",4,"1,3","4,5","1,3","1,4","4,5","2,4","1,5",4,"1,3","3,5","3,5",2,5,3,"1,5",4,"1,2",1,"1,2","1,4",4,"2,4","2,5","1,4","2,5","3,5","1,2,3,5",4,"3,4","2,4","3,4","2,5",5,"1,3","1,4","1,3","1,5","1,5","2,3","1,5",1,"1,4","2,4","1,2",2,"1,4","1,2","2,3","1,3","2,5","4,5","1,3","1,2","1,4","2,3","2,5","3,4","1,4","2,3",3,"1,5",4,44334
2021-11-15 06:32:52,2021-11-15 07:04:37,IP Address,154.22.58.120,100,1905,True,2021-11-15 07:04:37,R_1mkscUSY6kIOwgY,,,,,37.751007080078125,-97.82199859619140625,anonymous,EN,Yes,1,"1,4",3,5,3,4,3,3,2,5,3,2,1,4,1,1,5,5,4,5,3,4,1,1,1,4,1,5,3,4,5,3,3,2,2,3,1,5,2,5,2,1,4,4,4,2,5,1,4,4,2,4,5,1,5,3,2,5,5,4,2,5,3,3,5,2,4,3,1,4,5,2,1,1,3,5,3,2,4,"1,5",2,2,3,3,5,2,1,2,3,1,3,"3,5",3,22014
2021-11-15 06:48:57,2021-11-15 07:04:51,IP Address,97.71.158.165,100,954,True,2021-11-15 07:04:52,R_1GgxU1MSPWuYAi5,,,,,28.2534027099609375,-81.64209747314453125,anonymous,EN,No,5,"1,2,3,4,5","2,4,5","1,2,3,4,5","1,2,3,4,5","1,2,3,4,5","1,2,3,4,5","1,2,3,4,5","1,3,5","1,2,3,4,5","1,2,3,4,5","1,2,3,4,5","1,2,3,4,5","1,2,3,4,5","1,2,3,4,5","2,4,5","1,2,3,4,5","1,2,3,4,5","2,4,5",3,"1,2,3,4,5","1,2,3,4,5","1,2,3,4,5","1,2,3,4,5","1,2,3,4,5","1,2,3,4,5","1,2,3,4,5","1,2,3,4,5","1,2,4,5",5,"1,2,3,4,5","1,2,3,4,5","1,2,3,4,5","2,4,5",3,"1,2,3,4,5","1,3",3,"1,2,3,4,5","1,2,3,4,5",3,"1,2,3,4,5",5,"1,2,3,4,5","1,2,3,4,5",3,5,"1,2,3,4,5","1,2,3,4,5","1,2,3,4,5","1,2,3,4,5","1,2,3,4,5","1,2,3,4,5","1,2,3,4,5","1,2,3,4,5","1,2,3,4,5","1,2,3,4,5","1,2,3,4,5","1,2,3,4,5","1,2,3,4,5","1,3,4,5","1,2,4,5","1,2,3,4,5","1,2,3,4,5","2,3","2,4","1,2,3,4,5","1,3,5","1,2,3,4,5","1,2,3,4,5","1,2,3,4,5","1,2,4,5","1,5","1,3,5","1,2,3,4,5","1,2,3,4,5","1,2,3,4,5","1,2,3,4,5","1,2,3,4,5",1,"1,2,3,4,5","2,4","1,2,3,4,5","1,3","1,2,3,4,5","1,2,3,4,5","1,2,3,4,5","1,2,3,4,5","1,2,3,4,5","1,2,3,4,5","1,2,3,4,5",1,"1,2,3,4,5",44493
2021-11-15 06:28:18,2021-11-15 07:05:12,IP Address,212.102.44.89,100,2213,True,2021-11-15 07:05:12,R_2OU3OFBfiq9opYe,,,,,39.738800048828125,-104.9868011474609375,anonymous,EN,Yes,5,"1,3",5,"1,3","1,3","1,3","3,5",3,3,3,"1,3","1,3","1,3",3,"1,3,5",3,3,3,"1,3","1,3",3,"1,3","1,3,5","1,3,5","1,3","1,3",3,"1,3","3,5","1,3",4,"1,3",3,"1,3,5",3,3,3,"1,3","1,3,5","1,3","1,3",3,5,"1,3,5","1,3","1,3,5","1,3,5",3,1,3,"1,3","1,3,5","1,3","3,5","1,3,5",3,3,"1,3","1,3","1,3,5","1,3","1,3","1,3",3,3,"1,3,5",3,1,"1,3",3,"1,3","1,3",3,3,1,"1,3",3,"1,5","1,3,5",1,3,3,"1,3",3,"1,3",3,"1,3","1,3",1,"1,3,5",3,"1,3",4,69957
2021-11-15 06:32:50,2021-11-15 07:06:49,IP Address,68.80.255.219,100,2038,True,2021-11-15 07:06:49,R_AATjM8StrI2DRRv,,,,,39.9340057373046875,-75.160003662109375,anonymous,EN,Yes,4,2,1,1,4,1,5,1,1,5,1,3,5,4,5,2,2,3,4,5,2,3,3,5,1,5,3,1,1,3,4,3,3,5,5,4,3,1,5,5,1,2,1,"1,3",2,2,2,3,4,2,3,2,1,1,4,3,5,3,3,5,3,1,5,3,3,1,1,1,4,2,3,1,4,3,5,5,2,5,3,1,1,2,2,3,1,3,3,3,4,1,3,3,4,67677
2021-11-15 06:42:40,2021-11-15 07:07:13,IP Address,208.195.29.69,100,1473,True,2021-11-15 07:07:14,R_12EczoaiULavQaq,,,,,37.751007080078125,-97.82199859619140625,anonymous,EN,Yes,3,3,5,4,3,3,4,5,1,1,1,3,1,2,5,1,4,3,5,2,3,3,1,1,5,2,3,3,4,2,4,3,4,4,4,1,3,1,1,2,1,2,3,5,1,2,5,4,1,1,4,2,1,3,1,3,1,5,5,5,4,1,2,5,5,4,1,2,4,4,1,3,2,3,1,3,5,2,4,3,5,4,,2,4,1,2,5,3,4,"1,3",1,1,84593
2021-11-15 06:47:56,2021-11-15 07:07:59,IP Address,76.25.67.198,100,1203,True,2021-11-15 07:07:59,R_yVWOiu5THhl6lk5,,,,,39.8419952392578125,-105.11009979248046875,anonymous,EN,No,2,5,3,5,5,5,5,5,5,3,5,3,5,5,5,3,3,5,3,3,"1,5",5,5,5,5,5,3,1,1,3,4,5,3,5,1,1,3,3,"1,2,5",5,5,1,1,5,5,5,3,5,5,5,5,5,5,5,5,5,5,5,2,5,3,"1,5",5,3,3,5,5,3,2,3,3,3,1,"1,3",5,2,2,5,5,3,5,3,1,3,5,3,"2,4,5","1,3",3,5,3,1,4,93388
2021-11-15 06:53:41,2021-11-15 07:08:26,IP Address,173.17.46.46,100,885,True,2021-11-15 07:08:26,R_3Jhffen0Hby3Bhl,,,,,41.349700927734375,-88.84149932861328125,anonymous,EN,No,1,5,3,"1,5",1,5,5,"1,3,5","1,5",3,"1,3,5",3,"1,3",5,5,3,3,"1,3",3,1,1,5,3,5,"1,3,5",1,1,1,"1,3",5,4,5,3,1,3,"1,3",1,3,5,"1,3,5",5,1,5,5,5,5,3,5,1,"1,5",1,5,1,1,1,5,3,5,2,5,3,3,5,3,3,4,"3,5",1,5,3,3,3,1,5,1,"2,5","2,5","3,5",5,3,"1,5",3,5,1,"1,3",3,5,"1,3",4,1,"1,3","1,3",3,99148
2021-11-15 06:45:00,2021-11-15 07:08:54,IP Address,76.250.217.35,100,1434,True,2021-11-15 07:08:55,R_1MRoFbcB2ZBhzla,,,,,42.615997314453125,-83.9250030517578125,anonymous,EN,Yes,1,5,1,2,1,5,5,5,5,5,5,5,1,5,5,3,3,5,1,5,5,5,5,5,5,5,3,1,5,3,4,5,3,5,5,3,3,1,5,5,5,5,4,5,5,5,5,5,5,5,5,5,5,1,5,3,5,5,2,5,3,5,5,3,1,1,1,1,5,3,1,1,1,3,1,1,5,5,5,5,5,3,2,5,5,1,2,1,3,5,5,5,1,52935
2021-11-15 06:27:30,2021-11-15 07:10:21,IP Address,108.166.181.125,100,2571,True,2021-11-15 07:10:22,R_2EAKjfSim1IxC96,,,,,37.751007080078125,-97.82199859619140625,anonymous,EN,Yes,4,"1,3,5","1,3,5","1,3","1,3,5","1,3","1,2,3,5","1,3","1,3,5","1,3","1,3","1,3","1,3","1,3,5","1,3,5",3,"2,3,4","1,3,5",3,"1,3","1,3,5","1,3","1,3,5","1,3,5","1,3,5","1,3,5","1,3","1,3","1,3,5","1,3","1,3","1,3,5","1,3","1,3,5",3,"1,3,5","1,3","1,3","1,3,5","1,3","1,3,5","1,3","4,5","1,3,5","1,3","1,3","1,3,5","1,3","1,3,5","1,5","1,3","1,3","1,3","1,3,5","1,3","1,3,5","1,3,5","1,3","1,3","1,5","1,3,5","1,3",,"1,3","4,5","1,2,3,4,5","1,3","1,3","1,3","1,3","1,3","1,3","1,3","1,3","1,3","1,3,5","1,3","1,3,5","1,3,5","1,3","1,3,5","1,3","1,3","1,3","1,3,5","1,3","1,3","1,3","1,3","1,3,5","1,3","1,3,5","1,3",14061
2021-11-15 06:29:07,2021-11-15 07:12:46,IP Address,76.84.215.206,100,2618,True,2021-11-15 07:12:46,R_1fd6XWtk6fDpDID,,,,,40.841400146484375,-96.6540985107421875,anonymous,EN,Yes,3,5,4,3,3,5,3,4,4,1,3,4,4,5,2,3,1,2,1,3,5,2,3,3,4,2,5,4,5,4,4,4,1,4,5,4,2,2,4,2,5,3,3,4,4,1,2,2,2,5,3,3,1,4,1,5,5,2,5,4,4,"2,5",5,3,1,3,4,2,5,1,2,1,4,5,2,3,3,4,2,3,4,4,5,2,2,1,2,1,4,4,3,3,4,66933
2021-11-15 06:52:21,2021-11-15 07:14:24,IP Address,67.7.27.221,100,1322,True,2021-11-15 07:14:24,R_1OCQtH9TZuHu3T0,,,,,32.1118011474609375,-95.33809661865234375,anonymous,EN,No,2,5,1,5,3,3,2,1,1,3,5,5,1,5,5,3,3,5,3,2,3,1,3,"1,5",5,1,3,5,3,3,4,5,3,5,3,3,1,1,1,5,5,3,3,5,1,5,1,3,2,1,5,5,1,5,2,5,5,2,2,5,3,5,3,3,4,2,2,1,4,3,3,2,4,3,2,4,1,5,5,1,5,3,5,1,5,1,1,3,4,1,3,1,4,47285
2021-11-15 06:53:13,2021-11-15 07:16:47,IP Address,192.180.12.203,100,1414,True,2021-11-15 07:16:47,R_d4f3AiUJkkoyRd7,,,,,41.12359619140625,-83.1819000244140625,anonymous,EN,Yes,2,"1,3,5","1,3","1,2,3,5","1,2,5","1,3,5","2,4","1,3,5","1,3,5","1,3","1,3,5","1,2,3,5","1,3","1,3,5","1,3,5","1,3","1,2,4,5","1,3,5","1,5","1,3,5","1,3,5","1,3,5","1,3,5","1,3,5","1,3,5","1,3,4","1,3","1,3,5","1,2,3,5","3,4","1,3","1,2,3,5","1,3","1,5",3,"1,3","1,3","1,3","1,3,5","1,3,5","1,3,5","1,3,5","1,3,5","1,3,5","1,3,5","1,3,5","1,3,5","1,3","1,3,5","1,3,5","1,3,5","1,3,5","1,3,5","1,3,5","1,3,4","1,3,5","1,2,3,5","1,2,3,5","1,2,3,5","1,3,5","1,3","1,3,5","1,2,3,5",3,3,5,"1,3","1,3,5","1,3,5","1,4","1,3,5","1,3,5","1,3","1,3","1,3,5","1,2,4","1,2,3","1,5","1,3,5","1,2","1,3,5","1,3","1,2",3,"1,3,5","1,3","1,2,3,5","1,2,3,5","1,3","1,3,5","1,3","1,3","1,3,5",23622
2021-11-15 07:04:36,2021-11-15 07:17:50,IP Address,24.254.59.189,100,794,True,2021-11-15 07:17:51,R_1EgSMJkZ7v2mp6b,,,,,30.4149932861328125,-91.077301025390625,anonymous,EN,Yes,"1,3,4","1,2,3,4,5","2,3,4","1,4,5","1,2,3","2,3","1,4","2,4,5","1,4,5","4,5","4,5","3,5","2,3,5","1,3,5","2,4,5","1,2,5","2,4,5","1,2,4","1,3,4","1,3","1,3,5","2,4","1,2","1,5","4,5","2,3,4","1,4,5","3,4,5","1,3,4","1,2,3","3,4,5","2,4","2,3,4","1,2,3","1,3,4","1,2","3,4","1,2,3","1,2,3,4,5","1,2,3","1,4","1,2,3,5","4,5","1,4,5","2,3,5","3,4","2,3,4","2,3","1,4,5",4,"2,4,5","1,2,4","3,4,5","1,5","1,2","1,2,5","1,4,5","2,3,4","1,2,3","1,4","1,2,4","1,2","1,5","1,2","2,4,5","1,4,5","3,4","3,5","1,2,3,4,5","2,3,5","1,2,3,4,5","1,2,3,4,5","2,5","1,2,3,4,5","1,3,4",2,"1,3","2,3,4","1,2,4","1,4,5","1,2,3","1,4","3,4,5","1,4,5","2,3","1,2,5","3,4","1,5","2,4,5","1,2,4",3,"2,5","1,4,5",21520
2021-11-15 07:09:31,2021-11-15 07:18:42,IP Address,71.59.101.142,100,550,True,2021-11-15 07:18:42,R_TmZh9wzoT4i9kkN,,,,,40.02960205078125,-74.88339996337890625,anonymous,EN,Yes,2,3,5,5,1,"1,3","2,4","2,3",1,"1,2","1,5",3,2,5,"1,5","1,3,5",3,1,3,"2,3","1,2","2,5",3,"2,3,5","1,3",1,"1,3,5","3,4,5","2,5",5,3,"1,3,5",1,2,3,3,4,3,3,3,3,1,4,2,"4,5","1,3,5",5,1,"1,3,5",1,"1,2,5","1,2,3,5",4,4,"1,3","1,2","1,3,5",1,5,"1,2,5","1,3",4,"2,5",1,4,2,"4,5",3,"2,4","2,5","1,3",4,4,"3,4","1,2",2,"3,4",5,"1,3",1,"2,3","1,5",4,"1,5","1,5",5,"3,5","1,2,3,5",3,"1,3,5","1,3,5","1,3",1,79573
2021-11-15 07:14:29,2021-11-15 07:19:36,IP Address,212.162.148.120,100,307,True,2021-11-15 07:19:37,R_3HCCr7ClEn8b8KP,,,,,41.8777008056640625,-87.637603759765625,anonymous,EN,Yes,3,2,5,3,1,3,2,1,2,5,5,3,5,5,1,3,1,1,2,1,1,2,2,5,5,1,5,5,3,1,4,2,5,2,2,2,2,1,1,3,5,2,2,3,2,5,1,4,2,1,2,3,2,5,4,5,2,1,3,5,1,1,5,4,3,1,2,5,4,1,4,4,1,5,1,3,4,4,5,5,5,2,4,5,4,2,2,"3,4",1,1,3,5,5,67458
2021-11-15 07:00:50,2021-11-15 07:22:48,IP Address,63.75.243.160,100,1318,True,2021-11-15 07:22:48,R_1Q46y2Gt0N6AQ41,,,,,43.4322967529296875,-124.213104248046875,anonymous,EN,Yes,5,5,5,5,5,5,5,1,1,1,5,1,5,5,5,3,3,5,3,5,5,4,3,5,5,1,3,5,1,2,4,5,1,5,1,5,5,1,2,2,5,2,2,5,2,5,1,1,5,5,5,5,5,5,1,1,1,3,5,5,1,3,1,4,1,3,1,1,5,3,5,3,3,1,5,3,4,5,5,3,5,5,4,3,5,1,5,3,3,5,2,5,4,79983
2021-11-15 06:55:24,2021-11-15 07:25:42,IP Address,72.74.56.107,100,1818,True,2021-11-15 07:25:42,R_1QlIuyhpMWZ865W,,,,,42.6508026123046875,-71.16069793701171875,anonymous,EN,Yes,4,5,2,3,3,"3,4",5,5,4,3,5,1,4,2,3,3,3,1,3,1,3,5,1,1,1,2,4,5,2,1,4,1,4,1,5,3,5,3,3,"1,5",3,1,5,3,2,1,5,1,2,5,3,2,2,3,1,3,3,1,1,5,1,1,1,3,2,"1,2",2,3,2,1,1,1,3,5,4,3,3,5,1,3,5,3,2,1,1,3,3,3,1,3,3,1,4,55988
2021-11-15 07:12:40,2021-11-15 07:25:58,IP Address,147.124.212.91,100,797,True,2021-11-15 07:25:58,R_2YVxXXMMDeCvnen,,,,,32.776702880859375,-96.80500030517578125,anonymous,EN,Yes,1,3,5,3,3,3,3,3,1,1,3,1,3,5,3,3,3,5,3,1,3,3,2,3,1,3,3,1,3,3,1,3,3,5,2,3,3,3,3,3,3,2,3,3,5,"1,5",1,5,5,1,1,1,3,3,1,2,3,3,3,5,1,3,3,1,5,2,3,3,"1,3",1,3,4,3,3,4,5,3,3,1,3,5,3,3,3,1,3,3,3,2,1,1,3,3,22128
2021-11-15 07:23:43,2021-11-15 07:34:16,IP Address,45.61.146.235,100,632,True,2021-11-15 07:34:17,R_zfiATRiUu6oaJfH,,,,,32.8137054443359375,-96.87039947509765625,anonymous,EN,Yes,5,2,1,1,4,5,2,3,4,5,4,1,2,2,2,1,5,4,4,1,5,2,5,5,5,1,4,2,5,4,5,3,4,5,4,5,2,3,2,"1,4",3,1,1,1,3,5,1,4,4,1,3,1,3,4,1,3,3,1,,3,3,5,5,,4,3,1,4,"1,2,3,4,5",2,1,1,5,2,5,4,4,1,2,5,3,2,5,3,4,2,4,4,4,5,,2,4,70422
2021-11-15 07:14:26,2021-11-15 07:34:39,IP Address,107.11.182.13,100,1212,True,2021-11-15 07:34:40,R_2cbBgsw3fNSYZgK,,,,,40.2738037109375,-81.86620330810546875,anonymous,EN,No,4,5,"1,3",1,"2,4","2,5",4,1,1,5,5,5,1,5,5,3,3,4,3,5,3,5,1,5,1,5,3,1,5,1,4,5,1,5,3,1,"1,3",1,5,5,5,5,3,5,5,5,"1,5",1,5,"1,3",5,5,5,4,4,3,5,5,5,5,3,3,5,3,2,1,"1,3",3,5,3,5,1,"1,3",3,"2,4",1,5,5,5,3,5,3,4,"2,4",5,3,"1,2,5","1,3",3,1,3,5,"1,3",87647
2021-11-15 07:07:50,2021-11-15 07:40:06,IP Address,154.22.59.88,100,1936,True,2021-11-15 07:40:06,R_2DSs48DXiaMgmYn,,,,,37.751007080078125,-97.82199859619140625,anonymous,EN,Yes,5,5,5,3,5,1,1,1,1,3,5,1,1,4,5,4,2,3,2,5,1,3,1,5,3,3,2,3,1,1,3,3,1,"2,5",5,1,1,3,3,3,5,3,2,1,1,3,5,3,3,1,3,2,3,1,3,3,3,5,3,2,5,2,3,3,2,2,3,4,1,2,3,3,3,1,3,5,1,5,1,5,3,4,3,4,5,5,3,3,3,3,3,3,3,38815
2021-11-15 07:27:50,2021-11-15 07:40:50,IP Address,98.31.3.35,100,779,True,2021-11-15 07:40:50,R_2dG8JskuFSDqUPD,,,,,40.09820556640625,-83.15799713134765625,anonymous,EN,Yes,"1,2,5","1,3,4","1,3,5","1,2,5","1,3,4","1,3,4","3,4,5","2,4,5","2,3","1,2,3,4,5","1,3,5","1,3,5","2,3,4","2,3,4","1,3,4","2,4,5","1,2,3,4,5","3,4,5","1,3,4","2,3,4","1,3,5","1,2,4","1,2","3,4,5","1,2,3","1,2,4","2,3,4","3,5","2,3,5","1,4,5",4,"2,3,5","2,4,5","3,4,5","1,2,5","1,2,3","1,4,5","1,2,5","3,4","2,5","1,2,5","2,3,5","2,3,4","2,4","1,2,5","2,4,5","1,4","3,4,5","2,4,5","1,4,5","1,3,5","1,2,4","2,4","3,4,5","1,5","2,3","2,4","1,3,5","1,2,4","3,4,5","1,2,5","2,3,5","1,3,4","3,4,5","1,4,5","2,4,5","1,4,5","1,2,4","1,3,5","2,4,5","3,4,5","1,4,5","2,5","2,3,4","2,4,5","1,3,5","2,3,4","2,3,4","2,3,4","1,3,4","2,4,5","1,2,3","3,5","1,5","1,3,4","2,3,4","2,4,5","1,2,4","1,4,5","3,5",3,"4,5",4,66225
2021-11-15 07:28:27,2021-11-15 07:43:19,IP Address,71.127.48.232,100,891,True,2021-11-15 07:43:19,R_2ToDRakGrQgO3M4,,,,,38.584503173828125,-76.89409637451171875,anonymous,EN,No,5,"1,5","1,3","1,3","3,5","2,4,5","1,2","1,3",1,1,"1,5","1,3",1,5,5,3,3,"1,5",3,3,"1,3,5","1,5","1,3",1,"1,5","2,4,5","3,5","1,2,5","1,3","1,3,5",3,"1,5","1,3,5",5,1,3,"1,3",3,"1,5","2,4,5","1,5","1,5","1,3,5",5,"1,5",5,5,3,"1,5","1,2,5","1,5","1,5","1,5","1,2",1,"1,3,5",5,3,"2,4,5",5,3,5,"1,3,5",3,4,"2,4",3,"1,3","3,5",5,1,"1,3,5","1,5","1,3","1,3,5","1,3","1,2,5","1,5",5,5,"1,5",1,"4,5",3,"1,5","1,3","1,3","1,3","1,3","1,5","1,5","1,5","1,3",54962
2021-11-15 07:33:02,2021-11-15 07:50:55,IP Address,72.181.225.233,100,1072,True,2021-11-15 07:50:56,R_25ZAgi3n2yyIi7w,,,,,32.7212066650390625,-96.6764984130859375,anonymous,EN,Yes,4,2,5,1,5,4,2,5,3,5,3,1,1,1,3,3,3,5,3,1,3,1,1,3,3,2,3,3,1,2,4,4,3,5,2,1,3,1,3,3,5,1,3,"1,3",5,"1,3",5,2,3,5,3,3,3,3,1,4,5,3,2,5,1,3,1,3,2,2,3,,5,3,3,4,1,1,3,5,3,5,3,1,5,1,1,4,3,1,3,1,2,3,3,3,4,90206
2021-11-15 07:28:39,2021-11-15 07:51:19,IP Address,71.60.112.107,100,1360,True,2021-11-15 07:51:20,R_1jwinpu8gF7Okdq,,,,,40.4467010498046875,-79.68419647216796875,anonymous,EN,No,2,5,3,5,5,"2,5",3,1,"1,5",3,5,1,1,5,5,3,3,5,3,5,3,5,5,5,5,2,3,1,5,"1,3,5",4,5,3,5,1,1,5,1,5,"1,5",5,1,3,5,5,5,1,"2,5",5,"1,5",5,5,"1,5",5,1,"1,3",5,2,2,5,3,5,5,5,3,"1,5",5,1,4,3,5,1,"1,5",5,4,4,2,5,5,"1,3",5,3,2,4,"2,5",3,"2,5","1,3","2,3",5,5,1,3,46875
2021-11-15 06:57:26,2021-11-15 07:54:22,IP Address,208.195.27.1,100,3415,True,2021-11-15 07:54:23,R_1felxme3L75r9t3,,,,,37.751007080078125,-97.82199859619140625,anonymous,EN,Yes,2,"3,5",3,"1,3",2,1,3,2,3,2,1,2,1,"1,4","4,5",3,1,1,3,"1,3",3,"1,3","1,3","1,5","3,5",1,1,3,3,1,"1,5",3,3,5,4,3,4,"2,5",5,"1,5",2,3,"1,2",3,1,1,1,3,"1,3",2,1,5,"1,3",4,1,5,2,"1,3",3,3,3,1,2,"2,5","1,2",5,1,5,"1,5",2,5,1,1,3,5,3,"1,5",1,5,,5,3,1,3,3,5,5,3,1,"1,3","1,3",5,3,39098
2021-11-15 07:20:36,2021-11-15 07:55:57,IP Address,163.123.222.122,100,2121,True,2021-11-15 07:55:58,R_6x0v9WufNe309S9,,,,,39.3408050537109375,-76.40779876708984375,anonymous,EN,No,5,5,"1,3","3,5","2,4","3,4",4,"1,5","1,3,5","1,3","3,5",5,"3,5","1,3","1,5","1,3","1,3","1,5",3,"1,2,5",3,5,"1,5","1,3,5","1,5","1,3",3,"3,5","1,3","3,5",4,5,"1,3","3,5",3,"1,3",5,"1,3","1,3","1,3","1,3,5","1,3,5",3,"1,5",5,5,"1,3","1,2,5","1,5","1,5","1,5","1,5","1,5","1,5",2,"1,3,5","2,5","1,5","1,5","1,5","1,3,5","1,3,5","1,5","3,5",2,5,"1,4,5","1,3","1,2,5","3,5","1,5","1,3","3,5","1,3,5","2,5","1,3","2,5","1,5","1,5","2,3","1,5",1,"2,4",2,"3,5",5,"1,5","2,3",4,"1,5",3,"1,5",4,45893
2021-11-15 07:34:04,2021-11-15 07:56:12,IP Address,65.34.168.20,100,1328,True,2021-11-15 07:56:13,R_0OIzbQ2yO62lKLv,,,,,26.611297607421875,-80.1743011474609375,anonymous,EN,Yes,5,4,1,1,5,1,3,5,3,5,2,5,5,1,5,3,4,5,4,3,2,3,5,1,5,5,4,1,3,3,2,3,1,2,3,2,3,4,2,2,5,3,3,3,2,5,5,2,1,2,4,3,3,5,2,4,3,4,4,3,2,3,3,3,5,5,5,5,4,5,2,5,5,1,5,5,5,1,5,4,3,2,3,2,1,2,3,3,5,4,5,4,4,97969
2021-11-15 07:38:03,2021-11-15 07:57:47,IP Address,45.35.97.203,100,1183,True,2021-11-15 07:57:47,R_1mRyNhYBIjbf1j7,,,,,32.8137054443359375,-96.87039947509765625,anonymous,EN,Yes,"1,2","1,2,3","2,3","1,2,4","1,3","3,5","1,5",5,5,"2,3","1,3","1,3,5","1,3","1,2,5","2,4,5","1,3",1,"1,2","1,3","2,3,5","1,2,3",1,3,"1,3",3,"1,2",3,"1,2","1,2","2,4",4,"2,5","1,4","1,3,5",3,"1,3","1,2","2,3","1,3","2,3,4,5","2,3","1,2","3,4","1,3","1,3",3,"1,3","2,5","1,3","1,5","4,5","3,5","1,3","2,5","1,3",1,"2,3","1,2,5","2,4","1,3,5","1,3","1,3","1,3","1,3","1,4","2,4","3,4","2,3,4","1,4,5","2,3,5","1,3","1,4",1,"1,5","3,4,5","1,2,5","1,3","1,3,5","1,3","1,4","1,3,4,5","1,3,5","3,5","1,5","1,3","3,5","2,4","2,4,5","4,5","3,5","3,5","1,3",4,41109
2021-11-15 07:50:54,2021-11-15 07:59:12,IP Address,170.39.186.77,100,497,True,2021-11-15 07:59:13,R_1MXjTgYgFHhMZTd,,,,,39.01800537109375,-77.53900146484375,anonymous,EN,Yes,1,5,2,4,5,3,1,5,5,3,3,3,3,2,4,5,3,3,3,2,1,1,1,5,5,3,4,5,5,2,4,3,3,3,1,5,3,3,5,3,1,5,2,5,3,3,1,1,1,2,2,4,1,2,2,2,3,3,4,2,4,1,2,2,2,3,1,5,3,2,3,5,5,3,2,5,1,3,3,3,5,4,5,4,3,3,2,3,3,1,3,3,4,77517
2021-11-15 07:31:08,2021-11-15 07:59:16,IP Address,104.251.223.249,100,1687,True,2021-11-15 07:59:17,R_2c8dMm0wj3huC1H,,,,,32.8137054443359375,-96.87039947509765625,anonymous,EN,Yes,1,"1,3,5","2,4","1,3,5","2,4","1,3",5,"3,5","1,2,3,4,5","1,3",5,"1,3","1,2,3,4,5","1,3,5","1,3,5",3,"1,3","1,2,3,4,5","1,3","1,3","1,3,5","1,3","1,3","1,3,5","1,3,5",3,"1,3,5","1,3","1,3,5","3,4,5",3,"1,3,5",3,"1,3,5",3,"1,3","1,3",3,"1,3","1,3","1,3","1,3,5","1,3",5,"1,5","1,3,5","1,3","1,3",5,"1,3","1,3,5","1,3,5","1,3","2,4","1,3,5","1,3",3,"1,5","2,5","1,3,5","1,3","1,5","1,3","1,3,5",1,"1,3,5","1,3","1,3","1,3","1,3,5","1,3","1,3","1,3",3,"1,3,5","1,3","1,2,5",3,"1,5","1,3","1,5",3,"1,5",,"1,3,5","1,3","1,3,5","1,3",4,"1,3","1,3","1,3,5","1,3",13115
2021-11-15 07:49:06,2021-11-15 07:59:28,IP Address,104.224.28.123,100,621,True,2021-11-15 07:59:28,R_3h6DGEQn2DKAtC2,,,,,40.78759765625,-74.05999755859375,anonymous,EN,Yes,1,2,1,3,2,2,2,3,3,1,1,4,2,1,3,1,4,2,1,2,4,5,2,1,3,3,2,3,3,4,"4,5",4,4,5,4,1,2,2,1,5,2,1,5,4,4,2,2,3,5,5,2,5,1,2,5,4,2,4,5,3,1,1,5,1,4,5,3,3,3,3,1,2,1,5,5,2,4,2,4,3,3,5,3,3,1,5,2,2,2,3,3,5,4,53326
2021-11-15 07:30:59,2021-11-15 07:59:34,IP Address,208.195.16.115,100,1714,True,2021-11-15 07:59:35,R_0B1amMoOr4Pqp1L,,,,,37.751007080078125,-97.82199859619140625,anonymous,EN,Yes,2,3,5,3,1,3,3,5,2,2,1,3,1,1,3,3,3,3,3,3,1,3,1,3,3,3,3,1,1,3,1,3,3,5,2,3,1,3,1,3,3,3,2,1,3,1,3,2,3,2,3,1,3,3,3,3,3,3,4,3,3,3,3,3,3,3,3,5,3,3,3,2,1,3,3,4,2,1,3,2,3,3,3,1,4,3,4,1,3,3,3,3,4,91416
2021-11-15 07:29:09,2021-11-15 07:59:44,IP Address,198.14.26.73,100,1834,True,2021-11-15 07:59:44,R_3Mu54ZonBfOrJeV,,,,,40.7487945556640625,-73.9882965087890625,anonymous,EN,Yes,2,"1,3","1,3","1,3","1,3","1,3","1,3","1,5","1,3","1,3","1,3","1,3","1,3",3,"1,3","1,3","1,3","1,3","1,3","1,3","1,3","1,3","1,3","1,3","1,3",3,"1,3","1,3","1,3","1,3",4,"1,3","1,3","1,5",3,"1,3",3,"1,3","1,3","1,3","1,3","1,3","1,3","1,3","1,3","1,3","1,3",3,"1,3","1,3","1,3","1,3","1,3","1,3","1,3","1,3","1,3","1,3","1,3","1,3","1,3","1,3","1,3","1,3",2,"1,3,5","1,3",3,"1,3","1,3","1,3","1,3",3,3,"1,3","1,3","1,3","1,3","1,3",3,"3,5","2,4","1,3",3,"1,3","1,5","1,3","1,3",3,"1,3","1,3","1,3","1,3",75630
2021-11-15 07:38:49,2021-11-15 08:04:03,IP Address,63.75.242.165,100,1513,True,2021-11-15 08:04:03,R_3DnJxwPbPH3fBR3,,,,,43.4322967529296875,-124.213104248046875,anonymous,EN,Yes,1,1,5,1,3,3,3,3,1,1,5,1,3,3,1,3,5,3,3,1,5,3,1,1,3,3,3,3,1,1,3,5,3,1,3,1,3,1,3,4,3,3,4,1,5,3,3,3,1,1,3,3,3,5,1,5,5,1,3,5,1,3,3,3,2,4,3,5,1,5,3,4,1,3,5,3,1,5,5,1,5,5,2,1,3,3,5,3,1,1,3,3,2,84942
2021-11-15 07:45:53,2021-11-15 08:04:53,IP Address,198.14.30.128,100,1140,True,2021-11-15 08:04:54,R_2ZHWCmDNacSB5hI,,,,,40.7487945556640625,-73.9882965087890625,anonymous,EN,Yes,5,2,5,3,3,1,2,1,1,3,4,3,1,1,4,5,3,3,2,2,1,1,2,5,2,5,1,3,3,3,3,1,4,5,1,1,3,2,5,2,2,5,2,5,3,5,1,3,1,3,5,2,4,1,5,3,2,4,5,3,4,4,2,3,4,3,3,3,2,2,1,4,2,1,3,4,4,2,2,4,5,4,3,4,4,4,2,5,4,5,1,3,5,54674
2021-11-15 07:34:52,2021-11-15 08:07:14,IP Address,73.84.6.187,100,1941,True,2021-11-15 08:07:14,R_12aH6kSdH5n74zn,,,,,25.7277069091796875,-80.3715972900390625,anonymous,EN,Yes,1,"1,2,3,4,5",1,"1,2,3,4,5",2,5,1,4,"1,2,3,4,5",1,3,5,"1,2,3,4,5","1,2,3,4,5",1,3,5,5,5,1,3,1,2,5,3,5,"1,2,3,4,5","1,2,3,4,5",3,"1,2,3,4,5",4,4,2,"1,3,4,5","1,2,3,4,5",3,5,5,1,"1,2,3,4,5",1,3,4,2,5,2,1,"1,2,3,4,5",3,5,2,5,1,1,3,3,"1,2",5,"1,2,3,4,5",5,2,3,3,1,2,"1,2,3,4,5",1,2,2,5,"1,2,3,4,5",4,"1,2,3,4,5",4,3,4,"1,2,3,4,5",3,1,5,"1,2,3,4,5","1,2,3,4,5",3,3,1,2,"1,2,3,4,5","1,2,3,4,5",2,3,"1,2,3,4,5",4,2,37272
2021-11-15 07:33:37,2021-11-15 08:07:24,IP Address,154.13.51.182,100,2027,True,2021-11-15 08:07:25,R_3kNSscYMOgADC5z,,,,,40.82049560546875,-73.91829681396484375,anonymous,EN,Yes,4,5,3,5,2,1,3,1,1,1,5,1,1,5,5,3,4,5,3,3,1,1,3,3,1,2,1,1,3,3,4,5,3,5,3,3,3,"1,3",3,5,5,3,1,5,5,3,5,5,5,5,1,5,1,5,4,5,3,1,5,5,3,5,5,3,3,4,1,3,2,1,3,3,3,5,5,4,5,5,1,1,5,3,5,3,5,3,5,1,3,5,5,3,4,22953
2021-11-15 07:56:35,2021-11-15 08:07:41,IP Address,216.250.249.220,100,665,True,2021-11-15 08:07:41,R_2TAXK0hPotcRXOC,,,,,45.4817047119140625,-122.4156036376953125,anonymous,EN,Yes,"1,2","1,3,5","1,3,5","1,3","1,3","1,3","1,3","1,3","1,3","1,3","1,3","1,3","1,3","1,3","1,3,5",3,"1,3,5","1,3","1,3,5","1,3","1,3,5","1,3","1,3","1,3","1,3","1,3","1,3","1,3","1,3","1,3","1,3","1,3,5","1,3","1,3,5","1,3","1,3","1,3","1,3","1,3",3,"1,3","1,3","1,2","1,3","1,3","1,3",3,"1,3","1,3,5","1,3","1,3","1,3","1,3","1,3","1,3","1,3,5","1,3","1,3","1,3","1,3","1,3,5","1,3","1,3","1,3","4,5","1,2,3,5","1,3","1,3","1,3,5","1,3","1,3","1,3","1,3","1,3","1,3","1,3","1,3","1,3,5","1,3","1,3",3,4,"1,3","1,3","1,3","1,3","1,3","1,3","3,5","1,3","1,3","1,3","1,3",62697
2021-11-15 07:29:44,2021-11-15 08:08:27,IP Address,65.132.105.42,100,2322,True,2021-11-15 08:08:28,R_2wpOzfWT6mhxMfy,,,,,28.2693939208984375,-81.4741973876953125,anonymous,EN,Yes,1,3,1,3,5,1,1,3,3,3,3,3,1,3,3,3,3,3,3,3,1,2,3,5,3,3,3,"1,3",1,3,3,1,3,1,3,1,3,3,"1,3",3,3,1,"1,3",3,1,3,1,3,3,3,3,5,3,3,3,3,1,3,3,5,3,3,1,1,4,2,3,4,3,1,3,3,3,1,1,3,3,3,5,3,1,1,1,3,3,1,1,3,3,3,3,1,3,31310
2021-11-15 06:55:33,2021-11-15 08:08:52,IP Address,212.162.150.211,100,4398,True,2021-11-15 08:08:52,R_2X6iXSd9CEv8JOH,,,,,41.8777008056640625,-87.637603759765625,anonymous,EN,Yes,"2,3","1,3",5,"1,3",4,"3,5",3,"2,3","2,3,4,5","1,2","1,3","3,4",1,1,"2,4","1,5","1,3",3,"3,5","1,4",1,"1,3","2,4","1,3","1,5","1,5","1,4","1,5",3,"1,3,5",4,"1,3,5","1,3","1,3",5,"1,3","3,5","2,5","1,5",4,"3,5","1,3,5","2,3","1,3","3,5",1,"1,5","1,5","1,3",5,"1,5","1,3","1,3","1,3","1,3","1,2","3,5","2,5","1,4",5,1,"1,3","1,5",3,"3,5","2,4",1,"1,5","3,5","1,2,5",1,2,"4,5",5,"4,5",3,"3,5","1,3",1,"2,5","1,3",3,"1,5",1,"3,5","1,3","4,5","1,3","3,4","1,3",3,"1,3",4,87117
2021-11-15 07:29:52,2021-11-15 08:09:18,IP Address,209.209.227.167,100,2365,True,2021-11-15 08:09:18,R_tJtIGYuSb5SF90l,,,,,29.7754058837890625,-95.59799957275390625,anonymous,EN,Yes,"1,4",5,"2,5","1,3,5",2,"1,5","2,5","3,5","1,3","1,5","1,5",2,"2,3",5,"1,5",3,"2,3","4,5",3,"1,3",5,"1,5",4,"1,2,3,4,5",1,"4,5","1,3","3,5","3,5",4,"1,5","1,5","3,5",5,1,"3,5",1,"1,3","1,2,3,5","1,5","1,5","3,5","2,4","3,5","1,3",2,"3,5","1,3","1,5","1,2","1,3","3,5","1,3,5","1,4","4,5","1,3,5",5,3,"1,5","1,5","1,3","1,3","3,5","1,3","3,5","2,4","1,3","3,4",4,1,1,1,3,3,"2,5","1,3","2,3","1,5",5,1,"1,5","1,2","3,4",1,2,3,2,1,"1,5","3,5","1,3","1,3","2,3",88660
2021-11-15 07:42:04,2021-11-15 08:10:43,IP Address,185.202.175.125,100,1719,True,2021-11-15 08:10:44,R_2D7C3ZfHBH3kps2,,,,,41.8777008056640625,-87.637603759765625,anonymous,EN,Yes,5,2,5,5,1,2,3,4,4,2,1,1,2,"3,4,5",1,4,2,3,2,"4,5",5,2,2,5,1,3,3,3,2,2,"1,4","2,4",2,5,1,3,1,1,3,4,3,4,4,1,2,2,2,1,4,5,5,"1,3",1,3,3,3,5,1,2,5,1,3,5,3,"4,5","3,4",3,5,3,5,3,2,1,1,5,"3,4",5,4,3,4,4,1,2,2,5,4,,4,3,1,3,2,2,16093
2021-11-15 07:38:46,2021-11-15 08:12:32,IP Address,208.195.19.254,100,2025,True,2021-11-15 08:12:33,R_DMJzOBMQZo5vYNb,,,,,37.751007080078125,-97.82199859619140625,anonymous,EN,Yes,5,"1,3",1,"1,3","1,3,5","3,5","1,3","1,3","1,3","1,3","1,3,5","1,3","1,3",1,"1,3,5",3,3,"1,3","1,3",3,3,"1,3","1,3,5","1,3,5","1,3","1,3,5",1,"1,3","1,3","3,5",4,"1,5","1,3","1,5",3,"1,3","1,3","1,3","1,5","1,3","1,3,5","1,3","1,3,5","1,3,5","1,3","1,3,5","1,3","1,3","1,3,5","1,3","1,3","1,3,5","1,3",1,"1,3",5,"1,5","1,3,5","1,3","1,3,5","1,3","1,3","1,3,5","1,3","2,4",5,3,1,"1,3",3,"1,3","1,3","1,3","3,5","1,3","1,3","1,3","1,5","1,3",3,"1,3","1,3","1,3",3,"1,3",5,"1,2","1,3",3,"1,3,5","1,3","1,3",4,20621
2021-11-15 07:41:00,2021-11-15 08:14:02,IP Address,204.11.190.182,100,1981,True,2021-11-15 08:14:02,R_2w5cQ04PggUaTp8,,,,,41.63250732421875,-81.4033966064453125,anonymous,EN,No,3,5,3,5,5,5,5,5,5,3,5,5,5,5,5,3,3,5,3,5,5,5,1,5,5,1,1,1,5,5,3,5,3,5,3,3,3,1,5,1,5,5,1,5,5,5,5,5,5,"1,5",5,5,1,5,1,2,5,5,2,5,5,5,5,3,2,5,3,5,5,3,1,4,5,3,1,3,2,5,5,"3,5",5,1,4,1,5,3,5,1,2,5,1,1,1,53532
2021-11-15 07:28:20,2021-11-15 08:15:00,IP Address,35.132.83.179,100,2800,True,2021-11-15 08:15:00,R_2BzBcszbu2SySBv,,,,,37.4911956787109375,-120.85589599609375,anonymous,EN,Yes,2,1,1,2,"4,5",3,4,"1,5",1,4,"1,5",1,3,"1,5",3,3,4,4,3,4,2,3,"1,3",2,1,1,2,"2,3","3,5","2,5",4,4,5,"1,3",2,3,1,3,4,3,1,2,3,"3,5","1,3",3,1,"1,3,5",2,"2,3",5,1,"1,3","1,3",5,"1,5","1,3",3,"2,3",2,3,"1,5",4,"4,5",1,1,"2,5","1,5",3,2,3,2,5,3,"2,4",3,4,"1,5",2,"1,2",5,3,"2,4,5",4,"2,5",5,2,3,5,5,3,3,4,27982
2021-11-15 08:06:29,2021-11-15 08:23:06,IP Address,173.81.72.249,100,997,True,2021-11-15 08:23:06,R_3hgon7i9iuZtPiF,,,,,39.4250946044921875,-81.4613037109375,anonymous,EN,Yes,3,"1,4",3,"1,5",5,"2,4",4,3,"3,5",2,3,2,"1,2",3,"1,3,5",1,"3,5",5,3,2,"4,5",2,4,2,1,"1,2,3,4,5",1,3,1,"2,5","2,4",1,4,4,4,3,1,"4,5","2,3,5",5,"1,3",1,5,5,3,2,2,1,"1,3","1,3",4,"2,5","1,3",3,2,2,"1,3,5",3,,"1,5",1,1,"1,2,5",3,"1,2,4","1,3,4","4,5",3,"1,3",3,3,3,2,1,5,2,"1,3",3,1,3,"1,3","1,5",3,3,"1,3",5,"2,4","1,2",3,5,1,2,4,53805
2021-11-15 08:03:51,2021-11-15 08:23:26,IP Address,73.232.121.206,100,1175,True,2021-11-15 08:23:27,R_1gOyxOy22Gr0c0E,,,,,29.8972930908203125,-95.64630126953125,anonymous,EN,Yes,3,3,2,5,1,3,2,3,3,3,5,1,2,1,3,1,2,2,3,5,2,3,1,3,5,1,3,3,1,1,4,3,3,5,3,3,3,2,3,3,4,3,3,5,3,1,1,1,3,3,1,3,1,3,3,5,3,1,3,3,1,3,3,1,5,2,1,4,5,3,3,4,5,1,3,2,5,1,3,1,3,2,4,5,3,,3,3,1,3,3,3,4,28471
2021-11-15 07:29:35,2021-11-15 08:23:38,IP Address,208.195.20.124,100,3243,True,2021-11-15 08:23:39,R_3DeBEC06tGRE6XM,,,,,37.751007080078125,-97.82199859619140625,anonymous,EN,Yes,"1,4",3,"1,3",3,"1,5","1,3","1,3,5","1,3",3,"1,3","1,3,5","1,3","1,3","1,5",5,"1,3",3,"1,3","1,3",3,"1,3","1,3","1,3","1,3","1,3,5",3,"1,3","1,3","1,3","1,3",4,"1,3,5","1,3","1,3,5","1,3","1,3",3,"1,3","3,5","1,3","1,3,5","1,3","1,3,5","1,3","1,3","1,3","1,3,5","1,3","3,5","1,3","1,3","1,3,5","1,3","1,3","1,3","1,3","1,3","1,3,5","1,3","1,3,5","1,3","1,5","1,3",3,"4,5",4,"1,3","1,3","1,3","1,3","1,3",3,"1,3","1,4","1,3","3,5","1,3","1,3","1,3","1,5","1,3","1,3","1,3",3,1,5,"3,5","1,3","1,3","1,3",3,"1,3",,43427
2021-11-15 07:31:46,2021-11-15 08:23:41,IP Address,198.14.22.169,100,3114,True,2021-11-15 08:23:41,R_2771lMUtLUBolOg,,,,,40.7487945556640625,-73.9882965087890625,anonymous,EN,Yes,1,"1,3",1,"1,5",5,"1,3,5",2,"1,5","1,3",3,"1,3",5,"1,3",5,"1,3,5",3,3,"1,3",3,3,2,"1,3","3,5","1,5","1,3,5",2,2,3,"1,3",3,4,"1,5",3,5,1,3,1,1,3,1,"1,3","1,5",1,5,1,3,5,1,5,2,"1,3","1,5","1,3","1,5",1,"1,5","1,3",5,"1,3,5",5,3,3,"1,3",3,1,5,3,5,"1,5",3,3,5,3,1,4,4,"1,2,3",5,5,1,"3,5",2,4,3,5,3,"1,3",3,1,"1,3,5",3,"1,3,5",5,20649
2021-11-15 07:39:14,2021-11-15 08:25:56,IP Address,174.28.121.10,100,2802,True,2021-11-15 08:25:57,R_1hM4EdwxOqQvXCU,,,,,35.187103271484375,-106.66590118408203125,anonymous,EN,Yes,"3,5",1,5,"1,3","2,3","1,3,5","1,2,3,4,5","3,4","1,3","2,4",1,"1,2,3,4,5",3,"2,3,5","1,3,5",2,"2,4","2,4,5","1,3","1,3",3,"1,3","1,3","1,3,5","1,3","1,3,4,5","1,3,5",5,"1,3","1,3,5",4,"1,3,5","1,3","1,3,5",1,"1,3","1,2","1,3,4","1,3,5","1,3,5","1,3,5","4,5","2,4","1,3,4,5","1,3,5",4,"1,3,5",1,"1,3,5","1,3","1,3,5","1,3,5","1,3,5","1,2,3","3,4","1,2,3,5","1,3","1,3,5","1,3,5","1,3,5","1,5","1,3,5","3,5","2,4,5","2,5","2,4","1,3,5","1,3,5","1,3,5","3,5",3,"4,5","1,3,5","3,4","3,4","3,4","4,5","1,2,5","1,3,5","3,5","1,3,5","1,2","1,2","1,3","1,3,5","2,5","3,4,5","3,5",4,"1,5","1,3","1,3,5",4,25034
2021-11-15 08:24:38,2021-11-15 08:33:52,IP Address,173.89.105.62,100,554,True,2021-11-15 08:33:53,R_2V7rxRFqsLNM7QC,,,,,41.5146026611328125,-82.9391021728515625,anonymous,EN,Yes,2,4,2,1,5,3,3,2,2,2,2,1,5,4,"3,4,5",1,3,4,3,3,5,1,1,2,5,5,4,5,2,4,4,5,5,4,2,3,2,2,4,1,4,,5,3,3,5,1,4,1,1,3,4,2,3,2,3,4,1,"1,4",4,4,4,4,1,2,1,1,1,"2,5","2,5",2,2,3,3,"1,2",1,"3,4",5,1,5,4,3,4,"2,3",3,5,5,"1,4",2,5,1,3,2,32067
2021-11-15 08:03:08,2021-11-15 08:36:45,IP Address,63.75.253.65,100,2017,True,2021-11-15 08:36:46,R_T4X5Nl2L4ZrFmo1,,,,,40.089996337890625,-75.0363006591796875,anonymous,EN,Yes,2,1,1,3,4,3,1,1,1,3,5,3,5,1,1,3,3,5,3,1,3,1,3,1,5,1,1,1,3,3,4,3,3,5,1,3,3,1,1,3,1,1,1,1,1,3,3,3,3,5,3,3,1,1,5,3,1,3,4,5,3,1,1,5,3,2,4,3,3,1,1,3,5,5,3,4,2,5,1,3,1,5,5,2,4,3,5,1,5,1,3,3,3,14753
2021-11-15 09:29:00,2021-11-15 09:49:33,IP Address,198.14.19.84,100,1233,True,2021-11-15 09:49:34,R_2SIuPFngC1XmIV6,,,,,40.7487945556640625,-73.9882965087890625,anonymous,EN,Yes,"3,4,5","1,2,4","2,3","1,3,4","3,4,5","1,3,5","1,2,4","2,4","4,5","1,2,3","1,4,5","1,2,4","1,4,5","1,3,5","1,2,5","1,2,4","1,2,4,5","1,2,4","3,4,5","2,3,5","1,5","1,4,5","3,4","2,4,5","1,3","1,2,3","2,3,4","1,4,5","1,3","1,4","2,3,5","2,3,5","3,4,5","2,3,4,5","2,3,4","2,3,5","2,3,5","1,2,3,5","1,3,5",3,"1,3,4","1,2,3",4,"1,2,4","1,2,3","1,2,3","1,4,5","3,4,5","1,3,5","1,2,3","1,4,5","1,2,5","2,4,5","1,2,3,4","1,2,5","1,2,4","1,2,3","1,4","1,3","2,3,5","1,3,4","2,3,5","1,2,5","2,5","1,3,5","2,4,5","1,3","2,3","1,2,4","1,2,3","1,4,5","3,5","1,2,5","2,3","1,2,4","2,4,5","1,2,3","2,3,4","1,2,3,4,5","1,3,4","1,3,5","1,2,5","1,2,5","1,2,5","2,4,5","1,4,5","1,4,5","1,2","3,4,5","1,2,3","3,4,5","1,2,4","2,3,4",59565
2021-11-15 09:32:38,2021-11-15 09:57:21,IP Address,65.24.48.45,100,1482,True,2021-11-15 09:57:21,R_31zoktMkCgsMkLw,,,,,40.264495849609375,-82.85040283203125,anonymous,EN,Yes,1,3,5,3,3,3,2,1,1,5,5,1,3,1,5,3,3,1,5,3,5,3,3,1,1,5,5,3,3,2,3,1,3,5,3,3,3,3,5,3,1,3,1,"1,5",1,1,3,3,5,1,1,3,3,3,3,3,3,3,5,3,3,5,1,3,1,2,4,3,3,3,3,2,1,3,5,3,1,2,1,3,3,2,3,"3,4",3,1,3,3,3,3,3,3,3,81989
2021-11-15 09:20:14,2021-11-15 09:58:50,IP Address,198.14.23.113,100,2316,True,2021-11-15 09:58:51,R_3HReDGOvDXQlHd6,,,,,40.7487945556640625,-73.9882965087890625,anonymous,EN,Yes,5,1,1,"3,5",1,"1,3",3,3,3,3,1,3,1,"1,3","1,3",3,3,1,1,4,5,"1,3","1,3","1,5","1,3,5",3,1,"1,5",5,1,4,"1,5",1,"1,5",1,3,3,3,"1,3","1,3",3,"1,3","1,4",1,1,"1,3","1,3",3,1,3,1,2,"1,3",5,"1,3",5,3,3,3,5,"1,3",1,3,3,5,4,3,3,3,3,3,1,3,3,2,3,3,"1,5","1,3","3,5",1,1,"1,5","2,3",5,3,3,3,1,3,3,"1,3",4,83444
2021-11-15 09:39:27,2021-11-15 10:01:55,IP Address,198.14.19.52,100,1348,True,2021-11-15 10:01:56,R_2cucdQYKVPAYZxK,,,,,40.7487945556640625,-73.9882965087890625,anonymous,EN,Yes,3,"1,2,3","1,2,4,5","2,4","1,5","1,4",1,"3,4,5","2,3",4,"4,5","1,3,4","4,5","4,5","3,4,5","2,5",1,2,4,"4,5","1,4,5","2,5","1,3","2,4","2,3","1,2","1,3",1,"2,3","2,3","3,4","1,3","1,2,3","2,4","1,4","3,5","1,3","1,2,3,4,5",1,"3,5","2,4","3,4","4,5","1,2","1,4","1,4","2,5","3,5",4,"1,2","1,2,3,4,5","2,4","2,3","1,2,3,4,5","3,4","2,3",1,"1,2,4","1,5",4,"1,2","2,3","3,5","3,5","1,3","2,4,5","1,3",2,"1,2","1,5","3,5",1,5,"3,5",5,"3,4",3,"2,4,5","4,5","2,3","1,4",4,3,"2,5",5,4,"2,3","1,2,3,4,5",3,"4,5","1,2",2,4,93664
2021-11-15 09:57:34,2021-11-15 10:28:36,IP Address,216.250.251.133,100,1861,True,2021-11-15 10:28:36,R_33ED0E2idOVKdsY,,,,,45.4817047119140625,-122.4156036376953125,anonymous,EN,Yes,5,3,5,1,3,3,5,4,5,5,"1,2",3,3,4,5,3,5,1,3,1,3,1,4,3,3,1,1,2,3,1,"3,5",3,3,"3,5",4,"1,2,3",5,3,4,1,3,3,5,3,4,5,"1,2",3,2,3,4,5,4,"3,5",3,3,3,3,3,3,,"2,5",3,5,5,2,3,5,5,1,3,3,3,3,5,"1,5",3,"1,2,3",1,1,3,,2,3,1,1,,5,,5,4,3,,30090
2021-11-15 10:43:44,2021-11-15 11:05:51,IP Address,72.190.37.228,100,1326,True,2021-11-15 11:05:51,R_24ei8vTFL942kmq,,,,,32.999298095703125,-96.83460235595703125,anonymous,EN,Yes,1,2,1,3,3,1,3,3,3,5,1,3,2,2,"2,5",2,3,2,4,1,4,1,"1,2,3,4",1,1,3,2,2,4,3,"4,5",3,3,1,"1,4",5,"1,5",5,5,4,4,"1,5",4,5,4,,3,4,3,"2,3",4,"1,2",2,4,"3,5",2,5,4,1,4,1,4,"3,5",4,4,"2,3","1,2,3,4,5",2,"1,4",5,4,"4,5",4,5,2,4,"1,2",1,3,1,1,4,4,4,1,3,3,3,4,"4,5","2,5",4,2,64364
2021-11-15 10:59:13,2021-11-15 11:18:44,IP Address,83.84.11.254,100,1170,True,2021-11-15 11:18:45,R_SVK9B9brFmGw8Qp,,,,,52.013397216796875,4.3654937744140625,anonymous,EN,Yes,"1,2,3,4,5","1,3","1,3","1,3","1,2,3,5","1,3,5","1,5","1,3",3,3,"1,3,5","1,3",3,"1,3,5","1,3,5",3,3,"1,3",3,"1,5","1,3","1,3,5",1,"1,3","1,3,5",3,3,"1,3",1,"1,2,3","1,3","1,3,5","1,3","1,5",3,3,3,3,"1,3","1,3","1,3,5","1,3","1,3,5","1,3","1,3,5","1,3,5","1,3","1,3,5","1,3,5","1,3","1,3","1,3","1,3","1,2,3,5","1,2,3,4,5",3,"1,3,5","1,3,5","1,3","1,3,5","1,3","1,5","1,3,5",3,3,"1,3,5",3,3,"1,3,5",3,3,"1,3,5","1,3",3,"1,3","1,3","1,3,5","1,3,5","1,3",1,"1,3","1,3,5","1,3,5",3,"1,3","1,3","1,5",3,"1,3","1,3","1,3,5","1,3","1,3",65444
2021-11-15 08:06:14,2021-11-15 11:33:27,IP Address,155.254.116.40,100,12433,True,2021-11-15 11:33:28,R_1M3ys7stJZX2cWi,,,,,29.7754058837890625,-95.59799957275390625,anonymous,EN,Yes,4,1,2,3,"2,5",2,1,5,3,1,3,"1,2","1,3",1,5,1,5,"2,5",2,3,1,4,2,4,5,3,"1,2","2,4","2,4",4,"1,2","2,3","3,5",5,5,1,1,"1,5",3,2,3,1,2,1,"4,5",3,5,3,"1,5",3,"1,3",2,3,2,5,5,5,2,2,"1,2",1,4,4,1,4,2,3,1,4,3,3,2,1,3,5,3,5,2,1,"1,4",3,1,2,5,"1,2",3,4,3,4,1,5,"2,3",5,91487
2021-11-15 11:23:18,2021-11-15 11:35:35,IP Address,212.162.148.125,100,736,True,2021-11-15 11:35:35,R_2ZVatcULDoeLBBC,,,,,41.8777008056640625,-87.637603759765625,anonymous,EN,Yes,4,2,1,3,5,5,4,2,3,5,2,2,5,1,2,4,5,3,5,5,5,2,5,5,1,"2,4",5,3,4,4,4,1,5,4,3,4,4,2,2,1,4,4,2,3,3,2,5,4,2,4,1,5,4,3,4,1,2,3,2,4,2,1,2,5,5,2,2,4,4,2,4,1,2,1,2,1,5,1,5,2,2,5,5,5,3,1,5,5,2,2,3,2,4,85606
2021-11-16 08:47:49,2021-11-16 09:06:02,IP Address,83.84.13.43,100,1093,True,2021-11-16 09:06:03,R_2OMD03mQOMeWMP1,,,,,52.013397216796875,4.3654937744140625,anonymous,EN,Yes,1,1,1,1,3,3,3,"1,3","1,3",3,1,"1,3",1,5,"1,5",3,3,5,3,3,"1,3","1,3","1,3",1,1,"1,3",3,1,"1,3","1,3",5,1,1,5,3,3,3,1,"1,3",1,1,3,"1,3","1,3",5,3,3,1,1,3,1,5,1,3,1,1,"1,3",5,3,5,3,5,"1,5",3,3,1,3,3,5,1,3,"1,3",1,"1,3",3,3,3,5,1,1,1,"3,5","1,3","1,3",5,1,1,3,1,3,3,3,3,27436
